algorithm,T,B,p,lambda,confidence,buy_day,OPT,ALG,cost_ratio,prediction_error,relative_prediction_error
deterministic,1,10,50,0.5,,10,1,1,1.0,49,49.0
prediction_only,1,10,50,,,,1,10,10.0,49,49.0
learning_augmented,1,10,50,0.5,1.0,5,1,1,1.0,49,49.0
trust_aware_c=0.0,1,10,50,0.5,0.0,10,1,1,1.0,49,49.0
trust_aware_c=0.25,1,10,50,0.5,0.25,9,1,1,1.0,49,49.0
trust_aware_c=0.5,1,10,50,0.5,0.5,8,1,1,1.0,49,49.0
trust_aware_c=0.75,1,10,50,0.5,0.75,7,1,1,1.0,49,49.0
trust_aware_c=1.0,1,10,50,0.5,1.0,5,1,1,1.0,49,49.0
deterministic,2,10,50,0.5,,10,2,2,1.0,48,24.0
prediction_only,2,10,50,,,,2,10,5.0,48,24.0
learning_augmented,2,10,50,0.5,1.0,5,2,2,1.0,48,24.0
trust_aware_c=0.0,2,10,50,0.5,0.0,10,2,2,1.0,48,24.0
trust_aware_c=0.25,2,10,50,0.5,0.25,9,2,2,1.0,48,24.0
trust_aware_c=0.5,2,10,50,0.5,0.5,8,2,2,1.0,48,24.0
trust_aware_c=0.75,2,10,50,0.5,0.75,7,2,2,1.0,48,24.0
trust_aware_c=1.0,2,10,50,0.5,1.0,5,2,2,1.0,48,24.0
deterministic,3,10,50,0.5,,10,3,3,1.0,47,15.666666666666666
prediction_only,3,10,50,,,,3,10,3.3333333333333335,47,15.666666666666666
learning_augmented,3,10,50,0.5,1.0,5,3,3,1.0,47,15.666666666666666
trust_aware_c=0.0,3,10,50,0.5,0.0,10,3,3,1.0,47,15.666666666666666
trust_aware_c=0.25,3,10,50,0.5,0.25,9,3,3,1.0,47,15.666666666666666
trust_aware_c=0.5,3,10,50,0.5,0.5,8,3,3,1.0,47,15.666666666666666
trust_aware_c=0.75,3,10,50,0.5,0.75,7,3,3,1.0,47,15.666666666666666
trust_aware_c=1.0,3,10,50,0.5,1.0,5,3,3,1.0,47,15.666666666666666
deterministic,4,10,50,0.5,,10,4,4,1.0,46,11.5
prediction_only,4,10,50,,,,4,10,2.5,46,11.5
learning_augmented,4,10,50,0.5,1.0,5,4,4,1.0,46,11.5
trust_aware_c=0.0,4,10,50,0.5,0.0,10,4,4,1.0,46,11.5
trust_aware_c=0.25,4,10,50,0.5,0.25,9,4,4,1.0,46,11.5
trust_aware_c=0.5,4,10,50,0.5,0.5,8,4,4,1.0,46,11.5
trust_aware_c=0.75,4,10,50,0.5,0.75,7,4,4,1.0,46,11.5
trust_aware_c=1.0,4,10,50,0.5,1.0,5,4,4,1.0,46,11.5
deterministic,5,10,50,0.5,,10,5,5,1.0,45,9.0
prediction_only,5,10,50,,,,5,10,2.0,45,9.0
learning_augmented,5,10,50,0.5,1.0,5,5,14,2.8,45,9.0
trust_aware_c=0.0,5,10,50,0.5,0.0,10,5,5,1.0,45,9.0
trust_aware_c=0.25,5,10,50,0.5,0.25,9,5,5,1.0,45,9.0
trust_aware_c=0.5,5,10,50,0.5,0.5,8,5,5,1.0,45,9.0
trust_aware_c=0.75,5,10,50,0.5,0.75,7,5,5,1.0,45,9.0
trust_aware_c=1.0,5,10,50,0.5,1.0,5,5,14,2.8,45,9.0
deterministic,6,10,50,0.5,,10,6,6,1.0,44,7.333333333333333
prediction_only,6,10,50,,,,6,10,1.6666666666666667,44,7.333333333333333
learning_augmented,6,10,50,0.5,1.0,5,6,14,2.3333333333333335,44,7.333333333333333
trust_aware_c=0.0,6,10,50,0.5,0.0,10,6,6,1.0,44,7.333333333333333
trust_aware_c=0.25,6,10,50,0.5,0.25,9,6,6,1.0,44,7.333333333333333
trust_aware_c=0.5,6,10,50,0.5,0.5,8,6,6,1.0,44,7.333333333333333
trust_aware_c=0.75,6,10,50,0.5,0.75,7,6,6,1.0,44,7.333333333333333
trust_aware_c=1.0,6,10,50,0.5,1.0,5,6,14,2.3333333333333335,44,7.333333333333333
deterministic,7,10,50,0.5,,10,7,7,1.0,43,6.142857142857143
prediction_only,7,10,50,,,,7,10,1.4285714285714286,43,6.142857142857143
learning_augmented,7,10,50,0.5,1.0,5,7,14,2.0,43,6.142857142857143
trust_aware_c=0.0,7,10,50,0.5,0.0,10,7,7,1.0,43,6.142857142857143
trust_aware_c=0.25,7,10,50,0.5,0.25,9,7,7,1.0,43,6.142857142857143
trust_aware_c=0.5,7,10,50,0.5,0.5,8,7,7,1.0,43,6.142857142857143
trust_aware_c=0.75,7,10,50,0.5,0.75,7,7,16,2.2857142857142856,43,6.142857142857143
trust_aware_c=1.0,7,10,50,0.5,1.0,5,7,14,2.0,43,6.142857142857143
deterministic,8,10,50,0.5,,10,8,8,1.0,42,5.25
prediction_only,8,10,50,,,,8,10,1.25,42,5.25
learning_augmented,8,10,50,0.5,1.0,5,8,14,1.75,42,5.25
trust_aware_c=0.0,8,10,50,0.5,0.0,10,8,8,1.0,42,5.25
trust_aware_c=0.25,8,10,50,0.5,0.25,9,8,8,1.0,42,5.25
trust_aware_c=0.5,8,10,50,0.5,0.5,8,8,17,2.125,42,5.25
trust_aware_c=0.75,8,10,50,0.5,0.75,7,8,16,2.0,42,5.25
trust_aware_c=1.0,8,10,50,0.5,1.0,5,8,14,1.75,42,5.25
deterministic,9,10,50,0.5,,10,9,9,1.0,41,4.555555555555555
prediction_only,9,10,50,,,,9,10,1.1111111111111112,41,4.555555555555555
learning_augmented,9,10,50,0.5,1.0,5,9,14,1.5555555555555556,41,4.555555555555555
trust_aware_c=0.0,9,10,50,0.5,0.0,10,9,9,1.0,41,4.555555555555555
trust_aware_c=0.25,9,10,50,0.5,0.25,9,9,18,2.0,41,4.555555555555555
trust_aware_c=0.5,9,10,50,0.5,0.5,8,9,17,1.8888888888888888,41,4.555555555555555
trust_aware_c=0.75,9,10,50,0.5,0.75,7,9,16,1.7777777777777777,41,4.555555555555555
trust_aware_c=1.0,9,10,50,0.5,1.0,5,9,14,1.5555555555555556,41,4.555555555555555
deterministic,10,10,1,0.5,,10,10,19,1.9,9,0.9
prediction_only,10,10,1,,,,10,10,1.0,9,0.9
learning_augmented,10,10,1,0.5,1.0,10,10,19,1.9,9,0.9
trust_aware_c=0.0,10,10,1,0.5,0.0,10,10,19,1.9,9,0.9
trust_aware_c=0.25,10,10,1,0.5,0.25,10,10,19,1.9,9,0.9
trust_aware_c=0.5,10,10,1,0.5,0.5,10,10,19,1.9,9,0.9
trust_aware_c=0.75,10,10,1,0.5,0.75,10,10,19,1.9,9,0.9
trust_aware_c=1.0,10,10,1,0.5,1.0,10,10,19,1.9,9,0.9
deterministic,11,10,1,0.5,,10,10,19,1.9,10,0.9090909090909091
prediction_only,11,10,1,,,,10,11,1.1,10,0.9090909090909091
learning_augmented,11,10,1,0.5,1.0,10,10,19,1.9,10,0.9090909090909091
trust_aware_c=0.0,11,10,1,0.5,0.0,10,10,19,1.9,10,0.9090909090909091
trust_aware_c=0.25,11,10,1,0.5,0.25,10,10,19,1.9,10,0.9090909090909091
trust_aware_c=0.5,11,10,1,0.5,0.5,10,10,19,1.9,10,0.9090909090909091
trust_aware_c=0.75,11,10,1,0.5,0.75,10,10,19,1.9,10,0.9090909090909091
trust_aware_c=1.0,11,10,1,0.5,1.0,10,10,19,1.9,10,0.9090909090909091
deterministic,12,10,1,0.5,,10,10,19,1.9,11,0.9166666666666666
prediction_only,12,10,1,,,,10,12,1.2,11,0.9166666666666666
learning_augmented,12,10,1,0.5,1.0,10,10,19,1.9,11,0.9166666666666666
trust_aware_c=0.0,12,10,1,0.5,0.0,10,10,19,1.9,11,0.9166666666666666
trust_aware_c=0.25,12,10,1,0.5,0.25,10,10,19,1.9,11,0.9166666666666666
trust_aware_c=0.5,12,10,1,0.5,0.5,10,10,19,1.9,11,0.9166666666666666
trust_aware_c=0.75,12,10,1,0.5,0.75,10,10,19,1.9,11,0.9166666666666666
trust_aware_c=1.0,12,10,1,0.5,1.0,10,10,19,1.9,11,0.9166666666666666
deterministic,13,10,1,0.5,,10,10,19,1.9,12,0.9230769230769231
prediction_only,13,10,1,,,,10,13,1.3,12,0.9230769230769231
learning_augmented,13,10,1,0.5,1.0,10,10,19,1.9,12,0.9230769230769231
trust_aware_c=0.0,13,10,1,0.5,0.0,10,10,19,1.9,12,0.9230769230769231
trust_aware_c=0.25,13,10,1,0.5,0.25,10,10,19,1.9,12,0.9230769230769231
trust_aware_c=0.5,13,10,1,0.5,0.5,10,10,19,1.9,12,0.9230769230769231
trust_aware_c=0.75,13,10,1,0.5,0.75,10,10,19,1.9,12,0.9230769230769231
trust_aware_c=1.0,13,10,1,0.5,1.0,10,10,19,1.9,12,0.9230769230769231
deterministic,14,10,1,0.5,,10,10,19,1.9,13,0.9285714285714286
prediction_only,14,10,1,,,,10,14,1.4,13,0.9285714285714286
learning_augmented,14,10,1,0.5,1.0,10,10,19,1.9,13,0.9285714285714286
trust_aware_c=0.0,14,10,1,0.5,0.0,10,10,19,1.9,13,0.9285714285714286
trust_aware_c=0.25,14,10,1,0.5,0.25,10,10,19,1.9,13,0.9285714285714286
trust_aware_c=0.5,14,10,1,0.5,0.5,10,10,19,1.9,13,0.9285714285714286
trust_aware_c=0.75,14,10,1,0.5,0.75,10,10,19,1.9,13,0.9285714285714286
trust_aware_c=1.0,14,10,1,0.5,1.0,10,10,19,1.9,13,0.9285714285714286
deterministic,15,10,1,0.5,,10,10,19,1.9,14,0.9333333333333333
prediction_only,15,10,1,,,,10,15,1.5,14,0.9333333333333333
learning_augmented,15,10,1,0.5,1.0,10,10,19,1.9,14,0.9333333333333333
trust_aware_c=0.0,15,10,1,0.5,0.0,10,10,19,1.9,14,0.9333333333333333
trust_aware_c=0.25,15,10,1,0.5,0.25,10,10,19,1.9,14,0.9333333333333333
trust_aware_c=0.5,15,10,1,0.5,0.5,10,10,19,1.9,14,0.9333333333333333
trust_aware_c=0.75,15,10,1,0.5,0.75,10,10,19,1.9,14,0.9333333333333333
trust_aware_c=1.0,15,10,1,0.5,1.0,10,10,19,1.9,14,0.9333333333333333
deterministic,16,10,1,0.5,,10,10,19,1.9,15,0.9375
prediction_only,16,10,1,,,,10,16,1.6,15,0.9375
learning_augmented,16,10,1,0.5,1.0,10,10,19,1.9,15,0.9375
trust_aware_c=0.0,16,10,1,0.5,0.0,10,10,19,1.9,15,0.9375
trust_aware_c=0.25,16,10,1,0.5,0.25,10,10,19,1.9,15,0.9375
trust_aware_c=0.5,16,10,1,0.5,0.5,10,10,19,1.9,15,0.9375
trust_aware_c=0.75,16,10,1,0.5,0.75,10,10,19,1.9,15,0.9375
trust_aware_c=1.0,16,10,1,0.5,1.0,10,10,19,1.9,15,0.9375
deterministic,17,10,1,0.5,,10,10,19,1.9,16,0.9411764705882353
prediction_only,17,10,1,,,,10,17,1.7,16,0.9411764705882353
learning_augmented,17,10,1,0.5,1.0,10,10,19,1.9,16,0.9411764705882353
trust_aware_c=0.0,17,10,1,0.5,0.0,10,10,19,1.9,16,0.9411764705882353
trust_aware_c=0.25,17,10,1,0.5,0.25,10,10,19,1.9,16,0.9411764705882353
trust_aware_c=0.5,17,10,1,0.5,0.5,10,10,19,1.9,16,0.9411764705882353
trust_aware_c=0.75,17,10,1,0.5,0.75,10,10,19,1.9,16,0.9411764705882353
trust_aware_c=1.0,17,10,1,0.5,1.0,10,10,19,1.9,16,0.9411764705882353
deterministic,18,10,1,0.5,,10,10,19,1.9,17,0.9444444444444444
prediction_only,18,10,1,,,,10,18,1.8,17,0.9444444444444444
learning_augmented,18,10,1,0.5,1.0,10,10,19,1.9,17,0.9444444444444444
trust_aware_c=0.0,18,10,1,0.5,0.0,10,10,19,1.9,17,0.9444444444444444
trust_aware_c=0.25,18,10,1,0.5,0.25,10,10,19,1.9,17,0.9444444444444444
trust_aware_c=0.5,18,10,1,0.5,0.5,10,10,19,1.9,17,0.9444444444444444
trust_aware_c=0.75,18,10,1,0.5,0.75,10,10,19,1.9,17,0.9444444444444444
trust_aware_c=1.0,18,10,1,0.5,1.0,10,10,19,1.9,17,0.9444444444444444
deterministic,19,10,1,0.5,,10,10,19,1.9,18,0.9473684210526315
prediction_only,19,10,1,,,,10,19,1.9,18,0.9473684210526315
learning_augmented,19,10,1,0.5,1.0,10,10,19,1.9,18,0.9473684210526315
trust_aware_c=0.0,19,10,1,0.5,0.0,10,10,19,1.9,18,0.9473684210526315
trust_aware_c=0.25,19,10,1,0.5,0.25,10,10,19,1.9,18,0.9473684210526315
trust_aware_c=0.5,19,10,1,0.5,0.5,10,10,19,1.9,18,0.9473684210526315
trust_aware_c=0.75,19,10,1,0.5,0.75,10,10,19,1.9,18,0.9473684210526315
trust_aware_c=1.0,19,10,1,0.5,1.0,10,10,19,1.9,18,0.9473684210526315
deterministic,20,10,1,0.5,,10,10,19,1.9,19,0.95
prediction_only,20,10,1,,,,10,20,2.0,19,0.95
learning_augmented,20,10,1,0.5,1.0,10,10,19,1.9,19,0.95
trust_aware_c=0.0,20,10,1,0.5,0.0,10,10,19,1.9,19,0.95
trust_aware_c=0.25,20,10,1,0.5,0.25,10,10,19,1.9,19,0.95
trust_aware_c=0.5,20,10,1,0.5,0.5,10,10,19,1.9,19,0.95
trust_aware_c=0.75,20,10,1,0.5,0.75,10,10,19,1.9,19,0.95
trust_aware_c=1.0,20,10,1,0.5,1.0,10,10,19,1.9,19,0.95
deterministic,21,10,1,0.5,,10,10,19,1.9,20,0.9523809523809523
prediction_only,21,10,1,,,,10,21,2.1,20,0.9523809523809523
learning_augmented,21,10,1,0.5,1.0,10,10,19,1.9,20,0.9523809523809523
trust_aware_c=0.0,21,10,1,0.5,0.0,10,10,19,1.9,20,0.9523809523809523
trust_aware_c=0.25,21,10,1,0.5,0.25,10,10,19,1.9,20,0.9523809523809523
trust_aware_c=0.5,21,10,1,0.5,0.5,10,10,19,1.9,20,0.9523809523809523
trust_aware_c=0.75,21,10,1,0.5,0.75,10,10,19,1.9,20,0.9523809523809523
trust_aware_c=1.0,21,10,1,0.5,1.0,10,10,19,1.9,20,0.9523809523809523
deterministic,22,10,1,0.5,,10,10,19,1.9,21,0.9545454545454546
prediction_only,22,10,1,,,,10,22,2.2,21,0.9545454545454546
learning_augmented,22,10,1,0.5,1.0,10,10,19,1.9,21,0.9545454545454546
trust_aware_c=0.0,22,10,1,0.5,0.0,10,10,19,1.9,21,0.9545454545454546
trust_aware_c=0.25,22,10,1,0.5,0.25,10,10,19,1.9,21,0.9545454545454546
trust_aware_c=0.5,22,10,1,0.5,0.5,10,10,19,1.9,21,0.9545454545454546
trust_aware_c=0.75,22,10,1,0.5,0.75,10,10,19,1.9,21,0.9545454545454546
trust_aware_c=1.0,22,10,1,0.5,1.0,10,10,19,1.9,21,0.9545454545454546
deterministic,23,10,1,0.5,,10,10,19,1.9,22,0.9565217391304348
prediction_only,23,10,1,,,,10,23,2.3,22,0.9565217391304348
learning_augmented,23,10,1,0.5,1.0,10,10,19,1.9,22,0.9565217391304348
trust_aware_c=0.0,23,10,1,0.5,0.0,10,10,19,1.9,22,0.9565217391304348
trust_aware_c=0.25,23,10,1,0.5,0.25,10,10,19,1.9,22,0.9565217391304348
trust_aware_c=0.5,23,10,1,0.5,0.5,10,10,19,1.9,22,0.9565217391304348
trust_aware_c=0.75,23,10,1,0.5,0.75,10,10,19,1.9,22,0.9565217391304348
trust_aware_c=1.0,23,10,1,0.5,1.0,10,10,19,1.9,22,0.9565217391304348
deterministic,24,10,1,0.5,,10,10,19,1.9,23,0.9583333333333334
prediction_only,24,10,1,,,,10,24,2.4,23,0.9583333333333334
learning_augmented,24,10,1,0.5,1.0,10,10,19,1.9,23,0.9583333333333334
trust_aware_c=0.0,24,10,1,0.5,0.0,10,10,19,1.9,23,0.9583333333333334
trust_aware_c=0.25,24,10,1,0.5,0.25,10,10,19,1.9,23,0.9583333333333334
trust_aware_c=0.5,24,10,1,0.5,0.5,10,10,19,1.9,23,0.9583333333333334
trust_aware_c=0.75,24,10,1,0.5,0.75,10,10,19,1.9,23,0.9583333333333334
trust_aware_c=1.0,24,10,1,0.5,1.0,10,10,19,1.9,23,0.9583333333333334
deterministic,25,10,1,0.5,,10,10,19,1.9,24,0.96
prediction_only,25,10,1,,,,10,25,2.5,24,0.96
learning_augmented,25,10,1,0.5,1.0,10,10,19,1.9,24,0.96
trust_aware_c=0.0,25,10,1,0.5,0.0,10,10,19,1.9,24,0.96
trust_aware_c=0.25,25,10,1,0.5,0.25,10,10,19,1.9,24,0.96
trust_aware_c=0.5,25,10,1,0.5,0.5,10,10,19,1.9,24,0.96
trust_aware_c=0.75,25,10,1,0.5,0.75,10,10,19,1.9,24,0.96
trust_aware_c=1.0,25,10,1,0.5,1.0,10,10,19,1.9,24,0.96
deterministic,26,10,1,0.5,,10,10,19,1.9,25,0.9615384615384616
prediction_only,26,10,1,,,,10,26,2.6,25,0.9615384615384616
learning_augmented,26,10,1,0.5,1.0,10,10,19,1.9,25,0.9615384615384616
trust_aware_c=0.0,26,10,1,0.5,0.0,10,10,19,1.9,25,0.9615384615384616
trust_aware_c=0.25,26,10,1,0.5,0.25,10,10,19,1.9,25,0.9615384615384616
trust_aware_c=0.5,26,10,1,0.5,0.5,10,10,19,1.9,25,0.9615384615384616
trust_aware_c=0.75,26,10,1,0.5,0.75,10,10,19,1.9,25,0.9615384615384616
trust_aware_c=1.0,26,10,1,0.5,1.0,10,10,19,1.9,25,0.9615384615384616
deterministic,27,10,1,0.5,,10,10,19,1.9,26,0.9629629629629629
prediction_only,27,10,1,,,,10,27,2.7,26,0.9629629629629629
learning_augmented,27,10,1,0.5,1.0,10,10,19,1.9,26,0.9629629629629629
trust_aware_c=0.0,27,10,1,0.5,0.0,10,10,19,1.9,26,0.9629629629629629
trust_aware_c=0.25,27,10,1,0.5,0.25,10,10,19,1.9,26,0.9629629629629629
trust_aware_c=0.5,27,10,1,0.5,0.5,10,10,19,1.9,26,0.9629629629629629
trust_aware_c=0.75,27,10,1,0.5,0.75,10,10,19,1.9,26,0.9629629629629629
trust_aware_c=1.0,27,10,1,0.5,1.0,10,10,19,1.9,26,0.9629629629629629
deterministic,28,10,1,0.5,,10,10,19,1.9,27,0.9642857142857143
prediction_only,28,10,1,,,,10,28,2.8,27,0.9642857142857143
learning_augmented,28,10,1,0.5,1.0,10,10,19,1.9,27,0.9642857142857143
trust_aware_c=0.0,28,10,1,0.5,0.0,10,10,19,1.9,27,0.9642857142857143
trust_aware_c=0.25,28,10,1,0.5,0.25,10,10,19,1.9,27,0.9642857142857143
trust_aware_c=0.5,28,10,1,0.5,0.5,10,10,19,1.9,27,0.9642857142857143
trust_aware_c=0.75,28,10,1,0.5,0.75,10,10,19,1.9,27,0.9642857142857143
trust_aware_c=1.0,28,10,1,0.5,1.0,10,10,19,1.9,27,0.9642857142857143
deterministic,29,10,1,0.5,,10,10,19,1.9,28,0.9655172413793104
prediction_only,29,10,1,,,,10,29,2.9,28,0.9655172413793104
learning_augmented,29,10,1,0.5,1.0,10,10,19,1.9,28,0.9655172413793104
trust_aware_c=0.0,29,10,1,0.5,0.0,10,10,19,1.9,28,0.9655172413793104
trust_aware_c=0.25,29,10,1,0.5,0.25,10,10,19,1.9,28,0.9655172413793104
trust_aware_c=0.5,29,10,1,0.5,0.5,10,10,19,1.9,28,0.9655172413793104
trust_aware_c=0.75,29,10,1,0.5,0.75,10,10,19,1.9,28,0.9655172413793104
trust_aware_c=1.0,29,10,1,0.5,1.0,10,10,19,1.9,28,0.9655172413793104
deterministic,30,10,1,0.5,,10,10,19,1.9,29,0.9666666666666667
prediction_only,30,10,1,,,,10,30,3.0,29,0.9666666666666667
learning_augmented,30,10,1,0.5,1.0,10,10,19,1.9,29,0.9666666666666667
trust_aware_c=0.0,30,10,1,0.5,0.0,10,10,19,1.9,29,0.9666666666666667
trust_aware_c=0.25,30,10,1,0.5,0.25,10,10,19,1.9,29,0.9666666666666667
trust_aware_c=0.5,30,10,1,0.5,0.5,10,10,19,1.9,29,0.9666666666666667
trust_aware_c=0.75,30,10,1,0.5,0.75,10,10,19,1.9,29,0.9666666666666667
trust_aware_c=1.0,30,10,1,0.5,1.0,10,10,19,1.9,29,0.9666666666666667
deterministic,31,10,1,0.5,,10,10,19,1.9,30,0.967741935483871
prediction_only,31,10,1,,,,10,31,3.1,30,0.967741935483871
learning_augmented,31,10,1,0.5,1.0,10,10,19,1.9,30,0.967741935483871
trust_aware_c=0.0,31,10,1,0.5,0.0,10,10,19,1.9,30,0.967741935483871
trust_aware_c=0.25,31,10,1,0.5,0.25,10,10,19,1.9,30,0.967741935483871
trust_aware_c=0.5,31,10,1,0.5,0.5,10,10,19,1.9,30,0.967741935483871
trust_aware_c=0.75,31,10,1,0.5,0.75,10,10,19,1.9,30,0.967741935483871
trust_aware_c=1.0,31,10,1,0.5,1.0,10,10,19,1.9,30,0.967741935483871
deterministic,32,10,1,0.5,,10,10,19,1.9,31,0.96875
prediction_only,32,10,1,,,,10,32,3.2,31,0.96875
learning_augmented,32,10,1,0.5,1.0,10,10,19,1.9,31,0.96875
trust_aware_c=0.0,32,10,1,0.5,0.0,10,10,19,1.9,31,0.96875
trust_aware_c=0.25,32,10,1,0.5,0.25,10,10,19,1.9,31,0.96875
trust_aware_c=0.5,32,10,1,0.5,0.5,10,10,19,1.9,31,0.96875
trust_aware_c=0.75,32,10,1,0.5,0.75,10,10,19,1.9,31,0.96875
trust_aware_c=1.0,32,10,1,0.5,1.0,10,10,19,1.9,31,0.96875
deterministic,33,10,1,0.5,,10,10,19,1.9,32,0.9696969696969697
prediction_only,33,10,1,,,,10,33,3.3,32,0.9696969696969697
learning_augmented,33,10,1,0.5,1.0,10,10,19,1.9,32,0.9696969696969697
trust_aware_c=0.0,33,10,1,0.5,0.0,10,10,19,1.9,32,0.9696969696969697
trust_aware_c=0.25,33,10,1,0.5,0.25,10,10,19,1.9,32,0.9696969696969697
trust_aware_c=0.5,33,10,1,0.5,0.5,10,10,19,1.9,32,0.9696969696969697
trust_aware_c=0.75,33,10,1,0.5,0.75,10,10,19,1.9,32,0.9696969696969697
trust_aware_c=1.0,33,10,1,0.5,1.0,10,10,19,1.9,32,0.9696969696969697
deterministic,34,10,1,0.5,,10,10,19,1.9,33,0.9705882352941176
prediction_only,34,10,1,,,,10,34,3.4,33,0.9705882352941176
learning_augmented,34,10,1,0.5,1.0,10,10,19,1.9,33,0.9705882352941176
trust_aware_c=0.0,34,10,1,0.5,0.0,10,10,19,1.9,33,0.9705882352941176
trust_aware_c=0.25,34,10,1,0.5,0.25,10,10,19,1.9,33,0.9705882352941176
trust_aware_c=0.5,34,10,1,0.5,0.5,10,10,19,1.9,33,0.9705882352941176
trust_aware_c=0.75,34,10,1,0.5,0.75,10,10,19,1.9,33,0.9705882352941176
trust_aware_c=1.0,34,10,1,0.5,1.0,10,10,19,1.9,33,0.9705882352941176
deterministic,35,10,1,0.5,,10,10,19,1.9,34,0.9714285714285714
prediction_only,35,10,1,,,,10,35,3.5,34,0.9714285714285714
learning_augmented,35,10,1,0.5,1.0,10,10,19,1.9,34,0.9714285714285714
trust_aware_c=0.0,35,10,1,0.5,0.0,10,10,19,1.9,34,0.9714285714285714
trust_aware_c=0.25,35,10,1,0.5,0.25,10,10,19,1.9,34,0.9714285714285714
trust_aware_c=0.5,35,10,1,0.5,0.5,10,10,19,1.9,34,0.9714285714285714
trust_aware_c=0.75,35,10,1,0.5,0.75,10,10,19,1.9,34,0.9714285714285714
trust_aware_c=1.0,35,10,1,0.5,1.0,10,10,19,1.9,34,0.9714285714285714
deterministic,36,10,1,0.5,,10,10,19,1.9,35,0.9722222222222222
prediction_only,36,10,1,,,,10,36,3.6,35,0.9722222222222222
learning_augmented,36,10,1,0.5,1.0,10,10,19,1.9,35,0.9722222222222222
trust_aware_c=0.0,36,10,1,0.5,0.0,10,10,19,1.9,35,0.9722222222222222
trust_aware_c=0.25,36,10,1,0.5,0.25,10,10,19,1.9,35,0.9722222222222222
trust_aware_c=0.5,36,10,1,0.5,0.5,10,10,19,1.9,35,0.9722222222222222
trust_aware_c=0.75,36,10,1,0.5,0.75,10,10,19,1.9,35,0.9722222222222222
trust_aware_c=1.0,36,10,1,0.5,1.0,10,10,19,1.9,35,0.9722222222222222
deterministic,37,10,1,0.5,,10,10,19,1.9,36,0.972972972972973
prediction_only,37,10,1,,,,10,37,3.7,36,0.972972972972973
learning_augmented,37,10,1,0.5,1.0,10,10,19,1.9,36,0.972972972972973
trust_aware_c=0.0,37,10,1,0.5,0.0,10,10,19,1.9,36,0.972972972972973
trust_aware_c=0.25,37,10,1,0.5,0.25,10,10,19,1.9,36,0.972972972972973
trust_aware_c=0.5,37,10,1,0.5,0.5,10,10,19,1.9,36,0.972972972972973
trust_aware_c=0.75,37,10,1,0.5,0.75,10,10,19,1.9,36,0.972972972972973
trust_aware_c=1.0,37,10,1,0.5,1.0,10,10,19,1.9,36,0.972972972972973
deterministic,38,10,1,0.5,,10,10,19,1.9,37,0.9736842105263158
prediction_only,38,10,1,,,,10,38,3.8,37,0.9736842105263158
learning_augmented,38,10,1,0.5,1.0,10,10,19,1.9,37,0.9736842105263158
trust_aware_c=0.0,38,10,1,0.5,0.0,10,10,19,1.9,37,0.9736842105263158
trust_aware_c=0.25,38,10,1,0.5,0.25,10,10,19,1.9,37,0.9736842105263158
trust_aware_c=0.5,38,10,1,0.5,0.5,10,10,19,1.9,37,0.9736842105263158
trust_aware_c=0.75,38,10,1,0.5,0.75,10,10,19,1.9,37,0.9736842105263158
trust_aware_c=1.0,38,10,1,0.5,1.0,10,10,19,1.9,37,0.9736842105263158
deterministic,39,10,1,0.5,,10,10,19,1.9,38,0.9743589743589743
prediction_only,39,10,1,,,,10,39,3.9,38,0.9743589743589743
learning_augmented,39,10,1,0.5,1.0,10,10,19,1.9,38,0.9743589743589743
trust_aware_c=0.0,39,10,1,0.5,0.0,10,10,19,1.9,38,0.9743589743589743
trust_aware_c=0.25,39,10,1,0.5,0.25,10,10,19,1.9,38,0.9743589743589743
trust_aware_c=0.5,39,10,1,0.5,0.5,10,10,19,1.9,38,0.9743589743589743
trust_aware_c=0.75,39,10,1,0.5,0.75,10,10,19,1.9,38,0.9743589743589743
trust_aware_c=1.0,39,10,1,0.5,1.0,10,10,19,1.9,38,0.9743589743589743
deterministic,40,10,1,0.5,,10,10,19,1.9,39,0.975
prediction_only,40,10,1,,,,10,40,4.0,39,0.975
learning_augmented,40,10,1,0.5,1.0,10,10,19,1.9,39,0.975
trust_aware_c=0.0,40,10,1,0.5,0.0,10,10,19,1.9,39,0.975
trust_aware_c=0.25,40,10,1,0.5,0.25,10,10,19,1.9,39,0.975
trust_aware_c=0.5,40,10,1,0.5,0.5,10,10,19,1.9,39,0.975
trust_aware_c=0.75,40,10,1,0.5,0.75,10,10,19,1.9,39,0.975
trust_aware_c=1.0,40,10,1,0.5,1.0,10,10,19,1.9,39,0.975
deterministic,41,10,1,0.5,,10,10,19,1.9,40,0.975609756097561
prediction_only,41,10,1,,,,10,41,4.1,40,0.975609756097561
learning_augmented,41,10,1,0.5,1.0,10,10,19,1.9,40,0.975609756097561
trust_aware_c=0.0,41,10,1,0.5,0.0,10,10,19,1.9,40,0.975609756097561
trust_aware_c=0.25,41,10,1,0.5,0.25,10,10,19,1.9,40,0.975609756097561
trust_aware_c=0.5,41,10,1,0.5,0.5,10,10,19,1.9,40,0.975609756097561
trust_aware_c=0.75,41,10,1,0.5,0.75,10,10,19,1.9,40,0.975609756097561
trust_aware_c=1.0,41,10,1,0.5,1.0,10,10,19,1.9,40,0.975609756097561
deterministic,42,10,1,0.5,,10,10,19,1.9,41,0.9761904761904762
prediction_only,42,10,1,,,,10,42,4.2,41,0.9761904761904762
learning_augmented,42,10,1,0.5,1.0,10,10,19,1.9,41,0.9761904761904762
trust_aware_c=0.0,42,10,1,0.5,0.0,10,10,19,1.9,41,0.9761904761904762
trust_aware_c=0.25,42,10,1,0.5,0.25,10,10,19,1.9,41,0.9761904761904762
trust_aware_c=0.5,42,10,1,0.5,0.5,10,10,19,1.9,41,0.9761904761904762
trust_aware_c=0.75,42,10,1,0.5,0.75,10,10,19,1.9,41,0.9761904761904762
trust_aware_c=1.0,42,10,1,0.5,1.0,10,10,19,1.9,41,0.9761904761904762
deterministic,43,10,1,0.5,,10,10,19,1.9,42,0.9767441860465116
prediction_only,43,10,1,,,,10,43,4.3,42,0.9767441860465116
learning_augmented,43,10,1,0.5,1.0,10,10,19,1.9,42,0.9767441860465116
trust_aware_c=0.0,43,10,1,0.5,0.0,10,10,19,1.9,42,0.9767441860465116
trust_aware_c=0.25,43,10,1,0.5,0.25,10,10,19,1.9,42,0.9767441860465116
trust_aware_c=0.5,43,10,1,0.5,0.5,10,10,19,1.9,42,0.9767441860465116
trust_aware_c=0.75,43,10,1,0.5,0.75,10,10,19,1.9,42,0.9767441860465116
trust_aware_c=1.0,43,10,1,0.5,1.0,10,10,19,1.9,42,0.9767441860465116
deterministic,44,10,1,0.5,,10,10,19,1.9,43,0.9772727272727273
prediction_only,44,10,1,,,,10,44,4.4,43,0.9772727272727273
learning_augmented,44,10,1,0.5,1.0,10,10,19,1.9,43,0.9772727272727273
trust_aware_c=0.0,44,10,1,0.5,0.0,10,10,19,1.9,43,0.9772727272727273
trust_aware_c=0.25,44,10,1,0.5,0.25,10,10,19,1.9,43,0.9772727272727273
trust_aware_c=0.5,44,10,1,0.5,0.5,10,10,19,1.9,43,0.9772727272727273
trust_aware_c=0.75,44,10,1,0.5,0.75,10,10,19,1.9,43,0.9772727272727273
trust_aware_c=1.0,44,10,1,0.5,1.0,10,10,19,1.9,43,0.9772727272727273
deterministic,45,10,1,0.5,,10,10,19,1.9,44,0.9777777777777777
prediction_only,45,10,1,,,,10,45,4.5,44,0.9777777777777777
learning_augmented,45,10,1,0.5,1.0,10,10,19,1.9,44,0.9777777777777777
trust_aware_c=0.0,45,10,1,0.5,0.0,10,10,19,1.9,44,0.9777777777777777
trust_aware_c=0.25,45,10,1,0.5,0.25,10,10,19,1.9,44,0.9777777777777777
trust_aware_c=0.5,45,10,1,0.5,0.5,10,10,19,1.9,44,0.9777777777777777
trust_aware_c=0.75,45,10,1,0.5,0.75,10,10,19,1.9,44,0.9777777777777777
trust_aware_c=1.0,45,10,1,0.5,1.0,10,10,19,1.9,44,0.9777777777777777
deterministic,46,10,1,0.5,,10,10,19,1.9,45,0.9782608695652174
prediction_only,46,10,1,,,,10,46,4.6,45,0.9782608695652174
learning_augmented,46,10,1,0.5,1.0,10,10,19,1.9,45,0.9782608695652174
trust_aware_c=0.0,46,10,1,0.5,0.0,10,10,19,1.9,45,0.9782608695652174
trust_aware_c=0.25,46,10,1,0.5,0.25,10,10,19,1.9,45,0.9782608695652174
trust_aware_c=0.5,46,10,1,0.5,0.5,10,10,19,1.9,45,0.9782608695652174
trust_aware_c=0.75,46,10,1,0.5,0.75,10,10,19,1.9,45,0.9782608695652174
trust_aware_c=1.0,46,10,1,0.5,1.0,10,10,19,1.9,45,0.9782608695652174
deterministic,47,10,1,0.5,,10,10,19,1.9,46,0.9787234042553191
prediction_only,47,10,1,,,,10,47,4.7,46,0.9787234042553191
learning_augmented,47,10,1,0.5,1.0,10,10,19,1.9,46,0.9787234042553191
trust_aware_c=0.0,47,10,1,0.5,0.0,10,10,19,1.9,46,0.9787234042553191
trust_aware_c=0.25,47,10,1,0.5,0.25,10,10,19,1.9,46,0.9787234042553191
trust_aware_c=0.5,47,10,1,0.5,0.5,10,10,19,1.9,46,0.9787234042553191
trust_aware_c=0.75,47,10,1,0.5,0.75,10,10,19,1.9,46,0.9787234042553191
trust_aware_c=1.0,47,10,1,0.5,1.0,10,10,19,1.9,46,0.9787234042553191
deterministic,48,10,1,0.5,,10,10,19,1.9,47,0.9791666666666666
prediction_only,48,10,1,,,,10,48,4.8,47,0.9791666666666666
learning_augmented,48,10,1,0.5,1.0,10,10,19,1.9,47,0.9791666666666666
trust_aware_c=0.0,48,10,1,0.5,0.0,10,10,19,1.9,47,0.9791666666666666
trust_aware_c=0.25,48,10,1,0.5,0.25,10,10,19,1.9,47,0.9791666666666666
trust_aware_c=0.5,48,10,1,0.5,0.5,10,10,19,1.9,47,0.9791666666666666
trust_aware_c=0.75,48,10,1,0.5,0.75,10,10,19,1.9,47,0.9791666666666666
trust_aware_c=1.0,48,10,1,0.5,1.0,10,10,19,1.9,47,0.9791666666666666
deterministic,49,10,1,0.5,,10,10,19,1.9,48,0.9795918367346939
prediction_only,49,10,1,,,,10,49,4.9,48,0.9795918367346939
learning_augmented,49,10,1,0.5,1.0,10,10,19,1.9,48,0.9795918367346939
trust_aware_c=0.0,49,10,1,0.5,0.0,10,10,19,1.9,48,0.9795918367346939
trust_aware_c=0.25,49,10,1,0.5,0.25,10,10,19,1.9,48,0.9795918367346939
trust_aware_c=0.5,49,10,1,0.5,0.5,10,10,19,1.9,48,0.9795918367346939
trust_aware_c=0.75,49,10,1,0.5,0.75,10,10,19,1.9,48,0.9795918367346939
trust_aware_c=1.0,49,10,1,0.5,1.0,10,10,19,1.9,48,0.9795918367346939
deterministic,50,10,1,0.5,,10,10,19,1.9,49,0.98
prediction_only,50,10,1,,,,10,50,5.0,49,0.98
learning_augmented,50,10,1,0.5,1.0,10,10,19,1.9,49,0.98
trust_aware_c=0.0,50,10,1,0.5,0.0,10,10,19,1.9,49,0.98
trust_aware_c=0.25,50,10,1,0.5,0.25,10,10,19,1.9,49,0.98
trust_aware_c=0.5,50,10,1,0.5,0.5,10,10,19,1.9,49,0.98
trust_aware_c=0.75,50,10,1,0.5,0.75,10,10,19,1.9,49,0.98
trust_aware_c=1.0,50,10,1,0.5,1.0,10,10,19,1.9,49,0.98
